"scientificName","scientificNameAuthorship","taxonID","kingdom","phylum","class","order","suborder","infraorder","superfamily","family","genus","subgenus","specificEpithet","infraspecificEpithet","taxonRank","institutionCode","collectionCode","catalogNumber","datasetName","occurrenceID","recordedBy","recordNumber","fieldNumber","eventDate","year","month","day","basisOfRecord","locality","locationRemarks","island","stateProvince","country","countryCode","coordinateUncertaintyInMeters","georeferencedBy","georeferenceVerificationStatus","georeferenceProtocol","georeferenceRemarks","habitat","verbatimDepth","verbatimElevation","occurrenceStatus","samplingProtocol","occurrenceRemarks","individualCount","sex","establishmentMeans","provincialStatus","nationalStatus","identifiedBy","identificationQualifier","identificationRemarks","previousIdentifications","bibliographicCitation","associatedReferences","temp_id","yearRecorded","protectedArea","IUCN_CAT","OECM","protectedAreaType","GOV_TYPE","OWNER_E","IUCN_Categ","decimalLatitude","decimalLongitude"
"Acer glabrum var. douglasii","Torr.",181694,"Plantae","Tracheophyta","Magnoliopsida","Sapindales","",NA,NA,"Sapindaceae","Acer",NA,"Acer glabrum","douglasii","varietas","iNaturalist","Observations","98941046","","https://www.inaturalist.org/observations/98941046","Kate McKeown","",NA,"2021-10-01",2021,10,1,"HUMAN_OBSERVATION","",NA,NA,"British Columbia","Canada","CA",16,"","","","",NA,NA,NA,"present",NA,NA,NA,NA,"native","S5 (2015)",NA,"Kate McKeown",NA,NA,NA,NA,NA,240,2021,"Bowen Island Ecological Reserve","Ia","No","Ecological Reserve","Sub-national Government","Government of British Columbia","Ia",49.369336,-123.351867
"Acer glabrum var. douglasii","Torr.",181694,"Plantae","Tracheophyta","Magnoliopsida","Sapindales","",NA,NA,"Sapindaceae","Acer",NA,"Acer glabrum","douglasii","varietas","iNaturalist","Observations","99728324","","https://www.inaturalist.org/observations/99728324","Kate McKeown","",NA,"2021-10-01",2021,10,1,"HUMAN_OBSERVATION","",NA,NA,"British Columbia","Canada","CA",NA,"","","","",NA,NA,NA,"present",NA,NA,NA,NA,"native","S5 (2015)",NA,"Kate McKeown",NA,NA,NA,NA,NA,242,2021,"Bowen Island Ecological Reserve","Ia","No","Ecological Reserve","Sub-national Government","Government of British Columbia","Ia",49.369102,-123.351891
"Acer macrophyllum","Pursh",48227,"Plantae","Tracheophyta","Magnoliopsida","Sapindales","",NA,NA,"Sapindaceae","Acer",NA,"Acer macrophyllum","","species","iNaturalist","Observations","99728329","","https://www.inaturalist.org/observations/99728329","Kate McKeown","",NA,"2021-10-01",2021,10,1,"HUMAN_OBSERVATION","",NA,NA,"British Columbia","Canada","CA",NA,"","","","",NA,NA,NA,"present",NA,NA,NA,NA,"native","S5 (2015)",NA,"Kate McKeown",NA,NA,NA,NA,NA,264,2021,"Bowen Island Ecological Reserve","Ia","No","Ecological Reserve","Sub-national Government","Government of British Columbia","Ia",49.369102,-123.351891
"Acer macrophyllum","Pursh",48227,"Plantae","Tracheophyta","Magnoliopsida","Sapindales","",NA,NA,"Sapindaceae","Acer",NA,"Acer macrophyllum","","species","iNaturalist","Observations","98941060","","https://www.inaturalist.org/observations/98941060","Kate McKeown","",NA,"2021-10-01",2021,10,1,"HUMAN_OBSERVATION","",NA,NA,"British Columbia","Canada","CA",16,"","","","",NA,NA,NA,"present",NA,NA,NA,NA,"native","S5 (2015)",NA,"Kate McKeown",NA,NA,NA,NA,NA,265,2021,"Bowen Island Ecological Reserve","Ia","No","Ecological Reserve","Sub-national Government","Government of British Columbia","Ia",49.370092,-123.350197
"Acer macrophyllum","Pursh",48227,"Plantae","Tracheophyta","Magnoliopsida","Sapindales","",NA,NA,"Sapindaceae","Acer",NA,"Acer macrophyllum","","species","iNaturalist","Observations","98941054","","https://www.inaturalist.org/observations/98941054","Kate McKeown","",NA,"2021-10-01",2021,10,1,"HUMAN_OBSERVATION","",NA,NA,"British Columbia","Canada","CA",8,"","","","",NA,NA,NA,"present",NA,NA,NA,NA,"native","S5 (2015)",NA,"Kate McKeown",NA,NA,NA,NA,NA,308,2021,"Bowen Island Ecological Reserve","Ia","No","Ecological Reserve","Sub-national Government","Government of British Columbia","Ia",49.369811,-123.350922
"Acer macrophyllum","Pursh",48227,"Plantae","Tracheophyta","Magnoliopsida","Sapindales","",NA,NA,"Sapindaceae","Acer",NA,"Acer macrophyllum","","species","iNaturalist","Observations","98941001","","https://www.inaturalist.org/observations/98941001","Kate McKeown","",NA,"2021-10-01",2021,10,1,"HUMAN_OBSERVATION","",NA,NA,"British Columbia","Canada","CA",10,"","","","",NA,NA,NA,"present",NA,NA,NA,NA,"native","S5 (2015)",NA,"Kate McKeown",NA,NA,NA,NA,NA,315,2021,"Bowen Island Ecological Reserve","Ia","No","Ecological Reserve","Sub-national Government","Government of British Columbia","Ia",49.369794,-123.351002
"Acer macrophyllum","Pursh",48227,"Plantae","Tracheophyta","Magnoliopsida","Sapindales","",NA,NA,"Sapindaceae","Acer",NA,"Acer macrophyllum","","species","iNaturalist","Observations","98941013","","https://www.inaturalist.org/observations/98941013","Kate McKeown","",NA,"2021-10-01",2021,10,1,"HUMAN_OBSERVATION","",NA,NA,"British Columbia","Canada","CA",16,"","","","",NA,NA,NA,"present",NA,NA,NA,NA,"native","S5 (2015)",NA,"Kate McKeown",NA,NA,NA,NA,NA,376,2021,"Bowen Island Ecological Reserve","Ia","No","Ecological Reserve","Sub-national Government","Government of British Columbia","Ia",49.370261,-123.351503
"Acer macrophyllum","Pursh",48227,"Plantae","Tracheophyta","Magnoliopsida","Sapindales","",NA,NA,"Sapindaceae","Acer",NA,"Acer macrophyllum","","species","iNaturalist","Observations","98941063","","https://www.inaturalist.org/observations/98941063","Kate McKeown","",NA,"2021-10-01",2021,10,1,"HUMAN_OBSERVATION","",NA,NA,"British Columbia","Canada","CA",43,"","","","",NA,NA,NA,"present",NA,NA,NA,NA,"native","S5 (2015)",NA,"Kate McKeown",NA,NA,NA,NA,NA,395,2021,"Bowen Island Ecological Reserve","Ia","No","Ecological Reserve","Sub-national Government","Government of British Columbia","Ia",49.369912,-123.351244
"Adiantum aleuticum var. aleuticum","(Rupr.) Paris",52667,"Plantae","Tracheophyta","Polypodiopsida","Polypodiales","",NA,NA,"Pteridaceae","Adiantum",NA,"Adiantum aleuticum","aleuticum","varietas","iNaturalist","Observations","98941061","","https://www.inaturalist.org/observations/98941061","Kate McKeown","",NA,"2021-10-01",2021,10,1,"HUMAN_OBSERVATION","",NA,NA,"British Columbia","Canada","CA",43,"","","","",NA,NA,NA,"present",NA,NA,NA,NA,"native","S4 (2012)",NA,"Kate McKeown",NA,NA,NA,NA,NA,542,2021,"Bowen Island Ecological Reserve","Ia","No","Ecological Reserve","Sub-national Government","Government of British Columbia","Ia",49.369844,-123.351202
"Adiantum aleuticum var. aleuticum","(Rupr.) Paris",52667,"Plantae","Tracheophyta","Polypodiopsida","Polypodiales","",NA,NA,"Pteridaceae","Adiantum",NA,"Adiantum aleuticum","aleuticum","varietas","iNaturalist","Observations","99728476","","https://www.inaturalist.org/observations/99728476","Kate McKeown","",NA,"2021-10-01",2021,10,1,"HUMAN_OBSERVATION","",NA,NA,"British Columbia","Canada","CA",NA,"","","","",NA,NA,NA,"present",NA,NA,NA,NA,"native","S4 (2012)",NA,"Kate McKeown",NA,NA,NA,NA,NA,619,2021,"Bowen Island Ecological Reserve","Ia","No","Ecological Reserve","Sub-national Government","Government of British Columbia","Ia",49.370361,-123.350426
"Asplenium trichomanes","L.",75609,"Plantae","Tracheophyta","Polypodiopsida","Polypodiales","",NA,NA,"Aspleniaceae","Asplenium",NA,"Asplenium trichomanes","","species","iNaturalist","Observations","99728503","","https://www.inaturalist.org/observations/99728503","Kate McKeown","",NA,"2021-10-01",2021,10,1,"HUMAN_OBSERVATION","",NA,NA,"British Columbia","Canada","CA",NA,"","","","",NA,NA,NA,"present",NA,NA,NA,NA,"native","S5 (2020)",NA,"Kate McKeown",NA,NA,NA,NA,NA,1990,2021,"Bowen Island Ecological Reserve","Ia","No","Ecological Reserve","Sub-national Government","Government of British Columbia","Ia",49.370361,-123.350426
"Asplenium trichomanes","L.",75609,"Plantae","Tracheophyta","Polypodiopsida","Polypodiales","",NA,NA,"Aspleniaceae","Asplenium",NA,"Asplenium trichomanes","","species","iNaturalist","Observations","99728498","","https://www.inaturalist.org/observations/99728498","Kate McKeown","",NA,"2021-10-01",2021,10,1,"HUMAN_OBSERVATION","",NA,NA,"British Columbia","Canada","CA",NA,"","","","",NA,NA,NA,"present",NA,NA,NA,NA,"native","S5 (2020)",NA,"Kate McKeown",NA,NA,NA,NA,NA,2032,2021,"Bowen Island Ecological Reserve","Ia","No","Ecological Reserve","Sub-national Government","Government of British Columbia","Ia",49.370361,-123.350426
"Asplenium trichomanes","L.",75609,"Plantae","Tracheophyta","Polypodiopsida","Polypodiales","",NA,NA,"Aspleniaceae","Asplenium",NA,"Asplenium trichomanes","","species","iNaturalist","Observations","99728496","","https://www.inaturalist.org/observations/99728496","Kate McKeown","",NA,"2021-10-01",2021,10,1,"HUMAN_OBSERVATION","",NA,NA,"British Columbia","Canada","CA",NA,"","","","",NA,NA,NA,"present",NA,NA,NA,NA,"native","S5 (2020)",NA,"Kate McKeown",NA,NA,NA,NA,NA,2039,2021,"Bowen Island Ecological Reserve","Ia","No","Ecological Reserve","Sub-national Government","Government of British Columbia","Ia",49.370361,-123.350426
"Athyrium filix-femina var. cyclosorum","(L.) Roth",52669,"Plantae","Tracheophyta","Polypodiopsida","Polypodiales","",NA,NA,"Athyriaceae","Athyrium",NA,"Athyrium filix-femina","cyclosorum","varietas","iNaturalist","Observations","99723809","","https://www.inaturalist.org/observations/99723809","Kate McKeown","",NA,"2021-10-01",2021,10,1,"HUMAN_OBSERVATION","",NA,NA,"British Columbia","Canada","CA",NA,"","","","",NA,NA,NA,"present",NA,NA,NA,NA,"native","S5 (2015)",NA,"Kate McKeown",NA,NA,NA,NA,NA,2181,2021,"Bowen Island Ecological Reserve","Ia","No","Ecological Reserve","Sub-national Government","Government of British Columbia","Ia",49.37035,-123.352173
"Berberis nervosa","Pursh",75756,"Plantae","Tracheophyta","Magnoliopsida","Ranunculales","",NA,NA,"Berberidaceae","Berberis",NA,"Berberis nervosa","","species","iNaturalist","Observations","98941047","","https://www.inaturalist.org/observations/98941047","Kate McKeown","",NA,"2021-10-01",2021,10,1,"HUMAN_OBSERVATION","",NA,NA,"British Columbia","Canada","CA",24,"","","","",NA,NA,NA,"present",NA,NA,NA,NA,"native","S5 (2000)",NA,"Kate McKeown",NA,NA,NA,NA,NA,2272,2021,"Bowen Island Ecological Reserve","Ia","No","Ecological Reserve","Sub-national Government","Government of British Columbia","Ia",49.369258,-123.351639
"Berberis nervosa","Pursh",75756,"Plantae","Tracheophyta","Magnoliopsida","Ranunculales","",NA,NA,"Berberidaceae","Berberis",NA,"Berberis nervosa","","species","iNaturalist","Observations","98941007","","https://www.inaturalist.org/observations/98941007","Kate McKeown","",NA,"2021-10-01",2021,10,1,"HUMAN_OBSERVATION","",NA,NA,"British Columbia","Canada","CA",16,"","","","",NA,NA,NA,"present",NA,NA,NA,NA,"native","S5 (2000)",NA,"Kate McKeown",NA,NA,NA,NA,NA,2359,2021,"Bowen Island Ecological Reserve","Ia","No","Ecological Reserve","Sub-national Government","Government of British Columbia","Ia",49.370292,-123.351364
"Berberis nervosa","Pursh",75756,"Plantae","Tracheophyta","Magnoliopsida","Ranunculales","",NA,NA,"Berberidaceae","Berberis",NA,"Berberis nervosa","","species","iNaturalist","Observations","98941000","","https://www.inaturalist.org/observations/98941000","Kate McKeown","",NA,"2021-10-01",2021,10,1,"HUMAN_OBSERVATION","",NA,NA,"British Columbia","Canada","CA",43,"","","","",NA,NA,NA,"present",NA,NA,NA,NA,"native","S5 (2000)",NA,"Kate McKeown",NA,NA,NA,NA,NA,2364,2021,"Bowen Island Ecological Reserve","Ia","No","Ecological Reserve","Sub-national Government","Government of British Columbia","Ia",49.369589,-123.350426
"Berberis nervosa","Pursh",75756,"Plantae","Tracheophyta","Magnoliopsida","Ranunculales","",NA,NA,"Berberidaceae","Berberis",NA,"Berberis nervosa","","species","iNaturalist","Observations","98941056","","https://www.inaturalist.org/observations/98941056","Kate McKeown","",NA,"2021-10-01",2021,10,1,"HUMAN_OBSERVATION","",NA,NA,"British Columbia","Canada","CA",12,"","","","",NA,NA,NA,"present",NA,NA,NA,NA,"native","S5 (2000)",NA,"Kate McKeown",NA,NA,NA,NA,NA,2424,2021,"Bowen Island Ecological Reserve","Ia","No","Ecological Reserve","Sub-national Government","Government of British Columbia","Ia",49.370106,-123.350486
"Berberis nervosa","Pursh",75756,"Plantae","Tracheophyta","Magnoliopsida","Ranunculales","",NA,NA,"Berberidaceae","Berberis",NA,"Berberis nervosa","","species","iNaturalist","Observations","98941024","","https://www.inaturalist.org/observations/98941024","Kate McKeown","",NA,"2021-10-01",2021,10,1,"HUMAN_OBSERVATION","",NA,NA,"British Columbia","Canada","CA",24,"","","","",NA,NA,NA,"present",NA,NA,NA,NA,"native","S5 (2000)",NA,"Kate McKeown",NA,NA,NA,NA,NA,2434,2021,"Bowen Island Ecological Reserve","Ia","No","Ecological Reserve","Sub-national Government","Government of British Columbia","Ia",49.369306,-123.353294
"Berberis nervosa","Pursh",75756,"Plantae","Tracheophyta","Magnoliopsida","Ranunculales","",NA,NA,"Berberidaceae","Berberis",NA,"Berberis nervosa","","species","iNaturalist","Observations","99723852","","https://www.inaturalist.org/observations/99723852","Kate McKeown","",NA,"2021-10-01",2021,10,1,"HUMAN_OBSERVATION","",NA,NA,"British Columbia","Canada","CA",NA,"","","","",NA,NA,NA,"present",NA,NA,NA,NA,"native","S5 (2000)",NA,"Kate McKeown",NA,NA,NA,NA,NA,2450,2021,"Bowen Island Ecological Reserve","Ia","No","Ecological Reserve","Sub-national Government","Government of British Columbia","Ia",49.369526,-123.352844
"Circaea alpina ssp. pacifica","L.",79729,"Plantae","Tracheophyta","Magnoliopsida","Myrtales","",NA,NA,"Onagraceae","Circaea",NA,"Circaea alpina","pacifica","subspecies","UBC","UBCVascular","V26123","","BC537209-A9B8-7B4B-AEF5-FBD2FF5643B8","Albert J. Hill","s.n.",NA,"1897-06-01",1897,6,1,"PRESERVED_SPECIMEN","Bowen Island",NA,NA,"British Columbia","Canada","CA",NA,"","","","",NA,NA,NA,"present",NA,NA,NA,NA,"native","S5 (2020)",NA,"D.E. Boufford",NA,NA,NA,NA,NA,3553,1897,"Bowen Island Ecological Reserve","Ia","No","Ecological Reserve","Sub-national Government","Government of British Columbia","Ia",49.3666669990679,-123.366667
"Dicentra formosa ssp. formosa","(Haw.) Walp.",51049,"Plantae","Tracheophyta","Magnoliopsida","Ranunculales","",NA,NA,"Papaveraceae","Dicentra",NA,"Dicentra formosa","formosa","subspecies","iNaturalist","Observations","99723966","","https://www.inaturalist.org/observations/99723966","Kate McKeown","",NA,"2021-10-01",2021,10,1,"HUMAN_OBSERVATION","",NA,NA,"British Columbia","Canada","CA",NA,"","","","",NA,NA,NA,"present",NA,NA,NA,NA,"native","S5 (2019)",NA,"Kate McKeown",NA,NA,NA,NA,NA,4870,2021,"Bowen Island Ecological Reserve","Ia","No","Ecological Reserve","Sub-national Government","Government of British Columbia","Ia",49.368896,-123.352684
"Dicentra formosa ssp. formosa","(Haw.) Walp.",51049,"Plantae","Tracheophyta","Magnoliopsida","Ranunculales","",NA,NA,"Papaveraceae","Dicentra",NA,"Dicentra formosa","formosa","subspecies","iNaturalist","Observations","99723967","","https://www.inaturalist.org/observations/99723967","Kate McKeown","",NA,"2021-10-01",2021,10,1,"HUMAN_OBSERVATION","",NA,NA,"British Columbia","Canada","CA",NA,"","","","",NA,NA,NA,"present",NA,NA,NA,NA,"native","S5 (2019)",NA,"Kate McKeown",NA,NA,NA,NA,NA,4871,2021,"Bowen Island Ecological Reserve","Ia","No","Ecological Reserve","Sub-national Government","Government of British Columbia","Ia",49.368896,-123.352684
"Dryopteris expansa","(C. Presl) Fraser-Jenkins & Jermy",64055,"Plantae","Tracheophyta","Polypodiopsida","Polypodiales","",NA,NA,"Dryopteridaceae","Dryopteris",NA,"Dryopteris expansa","","species","iNaturalist","Observations","99723833","","https://www.inaturalist.org/observations/99723833","Kate McKeown","",NA,"2021-10-01",2021,10,1,"HUMAN_OBSERVATION","",NA,NA,"British Columbia","Canada","CA",NA,"","","","",NA,NA,NA,"present",NA,NA,NA,NA,"native","S5 (2015)",NA,"Kate McKeown",NA,NA,NA,NA,NA,5261,2021,"Bowen Island Ecological Reserve","Ia","No","Ecological Reserve","Sub-national Government","Government of British Columbia","Ia",49.37035,-123.352173
"Dryopteris expansa","(C. Presl) Fraser-Jenkins & Jermy",64055,"Plantae","Tracheophyta","Polypodiopsida","Polypodiales","",NA,NA,"Dryopteridaceae","Dryopteris",NA,"Dryopteris expansa","","species","iNaturalist","Observations","99719882","","https://www.inaturalist.org/observations/99719882","Kate McKeown","",NA,"2021-10-01",2021,10,1,"HUMAN_OBSERVATION","",NA,NA,"British Columbia","Canada","CA",21,"","","","",NA,NA,NA,"present",NA,NA,NA,NA,"native","S5 (2015)",NA,"Kate McKeown",NA,NA,NA,NA,NA,5354,2021,"Bowen Island Ecological Reserve","Ia","No","Ecological Reserve","Sub-national Government","Government of British Columbia","Ia",49.370191,-123.351366
"Dryopteris expansa","(C. Presl) Fraser-Jenkins & Jermy",64055,"Plantae","Tracheophyta","Polypodiopsida","Polypodiales","",NA,NA,"Dryopteridaceae","Dryopteris",NA,"Dryopteris expansa","","species","iNaturalist","Observations","99728525","","https://www.inaturalist.org/observations/99728525","Kate McKeown","",NA,"2021-10-01",2021,10,1,"HUMAN_OBSERVATION","",NA,NA,"British Columbia","Canada","CA",NA,"","","","",NA,NA,NA,"present",NA,NA,NA,NA,"native","S5 (2015)",NA,"Kate McKeown",NA,NA,NA,NA,NA,5364,2021,"Bowen Island Ecological Reserve","Ia","No","Ecological Reserve","Sub-national Government","Government of British Columbia","Ia",49.370361,-123.350426
"Galium triflorum","Michx.",53065,"Plantae","Tracheophyta","Magnoliopsida","Gentianales","",NA,NA,"Rubiaceae","Galium",NA,"Galium triflorum","","species","iNaturalist","Observations","99728514","","https://www.inaturalist.org/observations/99728514","Kate McKeown","",NA,"2021-10-01",2021,10,1,"HUMAN_OBSERVATION","",NA,NA,"British Columbia","Canada","CA",NA,"","","","",NA,NA,NA,"present",NA,NA,NA,NA,"native","S5",NA,"Kate McKeown",NA,NA,NA,NA,NA,6191,2021,"Bowen Island Ecological Reserve","Ia","No","Ecological Reserve","Sub-national Government","Government of British Columbia","Ia",49.370361,-123.350426
"Goodyera oblongifolia","Raf.",50719,"Plantae","Tracheophyta","Liliopsida","Asparagales","",NA,NA,"Orchidaceae","Goodyera",NA,"Goodyera oblongifolia","","species","iNaturalist","Observations","99723952","","https://www.inaturalist.org/observations/99723952","Kate McKeown","",NA,"2021-10-01",2021,10,1,"HUMAN_OBSERVATION","",NA,NA,"British Columbia","Canada","CA",NA,"","","","",NA,NA,NA,"present",NA,NA,NA,NA,"native","S5 (2015)",NA,"Kate McKeown",NA,NA,NA,NA,NA,7001,2021,"Bowen Island Ecological Reserve","Ia","No","Ecological Reserve","Sub-national Government","Government of British Columbia","Ia",49.368896,-123.352684
"Goodyera oblongifolia","Raf.",50719,"Plantae","Tracheophyta","Liliopsida","Asparagales","",NA,NA,"Orchidaceae","Goodyera",NA,"Goodyera oblongifolia","","species","iNaturalist","Observations","99728319","","https://www.inaturalist.org/observations/99728319","Kate McKeown","",NA,"2021-10-01",2021,10,1,"HUMAN_OBSERVATION","",NA,NA,"British Columbia","Canada","CA",NA,"","","","",NA,NA,NA,"present",NA,NA,NA,NA,"native","S5 (2015)",NA,"Kate McKeown",NA,NA,NA,NA,NA,7074,2021,"Bowen Island Ecological Reserve","Ia","No","Ecological Reserve","Sub-national Government","Government of British Columbia","Ia",49.36953,-123.352554
"Goodyera oblongifolia","Raf.",50719,"Plantae","Tracheophyta","Liliopsida","Asparagales","",NA,NA,"Orchidaceae","Goodyera",NA,"Goodyera oblongifolia","","species","iNaturalist","Observations","99723859","","https://www.inaturalist.org/observations/99723859","Kate McKeown","",NA,"2021-10-01",2021,10,1,"HUMAN_OBSERVATION","",NA,NA,"British Columbia","Canada","CA",NA,"","","","",NA,NA,NA,"present",NA,NA,NA,NA,"native","S5 (2015)",NA,"Kate McKeown",NA,NA,NA,NA,NA,7127,2021,"Bowen Island Ecological Reserve","Ia","No","Ecological Reserve","Sub-national Government","Government of British Columbia","Ia",49.369526,-123.352844
"Holodiscus discolor","(Pursh) Maxim.",53414,"Plantae","Tracheophyta","Magnoliopsida","Rosales","",NA,NA,"Rosaceae","Holodiscus",NA,"Holodiscus discolor","","species","iNaturalist","Observations","99728407","","https://www.inaturalist.org/observations/99728407","Kate McKeown","",NA,"2021-10-01",2021,10,1,"HUMAN_OBSERVATION","",NA,NA,"British Columbia","Canada","CA",NA,"","","","",NA,NA,NA,"present",NA,NA,NA,NA,"native","S5 (2015)",NA,"Kate McKeown",NA,NA,NA,NA,NA,7556,2021,"Bowen Island Ecological Reserve","Ia","No","Ecological Reserve","Sub-national Government","Government of British Columbia","Ia",49.369308,-123.351067
"Holodiscus discolor","(Pursh) Maxim.",53414,"Plantae","Tracheophyta","Magnoliopsida","Rosales","",NA,NA,"Rosaceae","Holodiscus",NA,"Holodiscus discolor","","species","iNaturalist","Observations","98941033","","https://www.inaturalist.org/observations/98941033","Kate McKeown","",NA,"2021-10-01",2021,10,1,"HUMAN_OBSERVATION","",NA,NA,"British Columbia","Canada","CA",24,"","","","",NA,NA,NA,"present",NA,NA,NA,NA,"native","S5 (2015)",NA,"Kate McKeown",NA,NA,NA,NA,NA,7608,2021,"Bowen Island Ecological Reserve","Ia","No","Ecological Reserve","Sub-national Government","Government of British Columbia","Ia",49.369386,-123.3527
"Linnaea borealis ssp. longiflora","L.",81026,"Plantae","Tracheophyta","Magnoliopsida","Dipsacales","",NA,NA,"Caprifoliaceae","Linnaea",NA,"Linnaea borealis","longiflora","subspecies","iNaturalist","Observations","99723991","","https://www.inaturalist.org/observations/99723991","Kate McKeown","",NA,"2021-10-01",2021,10,1,"HUMAN_OBSERVATION","",NA,NA,"British Columbia","Canada","CA",NA,"","","","",NA,NA,NA,"present",NA,NA,NA,NA,"native","S5 (2020)",NA,"Kate McKeown",NA,NA,NA,NA,NA,8667,2021,"Bowen Island Ecological Reserve","Ia","No","Ecological Reserve","Sub-national Government","Government of British Columbia","Ia",49.368896,-123.352684
"Linnaea borealis ssp. longiflora","L.",81026,"Plantae","Tracheophyta","Magnoliopsida","Dipsacales","",NA,NA,"Caprifoliaceae","Linnaea",NA,"Linnaea borealis","longiflora","subspecies","iNaturalist","Observations","99723984","","https://www.inaturalist.org/observations/99723984","Kate McKeown","",NA,"2021-10-01",2021,10,1,"HUMAN_OBSERVATION","",NA,NA,"British Columbia","Canada","CA",NA,"","","","",NA,NA,NA,"present",NA,NA,NA,NA,"native","S5 (2020)",NA,"lallen",NA,NA,NA,NA,NA,8673,2021,"Bowen Island Ecological Reserve","Ia","No","Ecological Reserve","Sub-national Government","Government of British Columbia","Ia",49.368896,-123.352684
"Lysichiton americanus","Hult√©n & H.St.John",48537,"Plantae","Tracheophyta","Liliopsida","Alismatales","",NA,NA,"Araceae","Lysichiton",NA,"Lysichiton americanus","","species","iNaturalist","Observations","48747925","","https://www.inaturalist.org/observations/48747925","bowenbotany","",NA,"2020-05-07",2020,5,7,"HUMAN_OBSERVATION","",NA,NA,"British Columbia","Canada","CA",357,"","","","",NA,NA,NA,"present",NA,NA,NA,NA,"native","S5 (2019)",NA,"Heather Fulton-Bennett",NA,NA,NA,NA,NA,9261,2020,"Bowen Island Ecological Reserve","Ia","No","Ecological Reserve","Sub-national Government","Government of British Columbia","Ia",49.356283,-123.351653
"Lysimachia latifolia","(Hook.) Cholewa",496537,"Plantae","Tracheophyta","Magnoliopsida","Ericales","",NA,NA,"Primulaceae","Lysimachia",NA,"Lysimachia latifolia","","species","iNaturalist","Observations","99723923","","https://www.inaturalist.org/observations/99723923","Kate McKeown","",NA,"2021-10-01",2021,10,1,"HUMAN_OBSERVATION","",NA,NA,"British Columbia","Canada","CA",NA,"","","","",NA,NA,NA,"present",NA,NA,NA,NA,"native","S4S5 (2015)",NA,"Kate McKeown",NA,NA,NA,NA,NA,9463,2021,"Bowen Island Ecological Reserve","Ia","No","Ecological Reserve","Sub-national Government","Government of British Columbia","Ia",49.368896,-123.352684
"Lysimachia latifolia","(Hook.) Cholewa",496537,"Plantae","Tracheophyta","Magnoliopsida","Ericales","",NA,NA,"Primulaceae","Lysimachia",NA,"Lysimachia latifolia","","species","iNaturalist","Observations","99723911","","https://www.inaturalist.org/observations/99723911","Kate McKeown","",NA,"2021-10-01",2021,10,1,"HUMAN_OBSERVATION","",NA,NA,"British Columbia","Canada","CA",NA,"","","","",NA,NA,NA,"present",NA,NA,NA,NA,"native","S4S5 (2015)",NA,"Kate McKeown",NA,NA,NA,NA,NA,9476,2021,"Bowen Island Ecological Reserve","Ia","No","Ecological Reserve","Sub-national Government","Government of British Columbia","Ia",49.368896,-123.352684
"Montia parvifolia","(Moc. ex DC.) Greene",78123,"Plantae","Tracheophyta","Magnoliopsida","Caryophyllales","",NA,NA,"Montiaceae","Montia",NA,"Montia parvifolia","parvifolia","species","UBC","UBCVascular","V150184","","F06DC61C-72DB-6E4A-8718-50AD9480C19C","W. Donaldson","s.n.",NA,"1900-05-29",1900,5,29,"PRESERVED_SPECIMEN","Bowen Island",NA,NA,"British Columbia","Canada","CA",NA,"","","","",NA,NA,NA,"present",NA,NA,NA,NA,"native","S5 (2015)",NA,"Curtis R. Bjork",NA,NA,NA,NA,NA,10294,1900,"Bowen Island Ecological Reserve","Ia","No","Ecological Reserve","Sub-national Government","Government of British Columbia","Ia",49.3666669990679,-123.366667
"Montia parvifolia","(Moc. ex DC.) Greene",78123,"Plantae","Tracheophyta","Magnoliopsida","Caryophyllales","",NA,NA,"Montiaceae","Montia",NA,"Montia parvifolia","parvifolia","species","UBC","UBCVascular","V34893","","B870323F-3E67-5C44-BC9E-E4F5705A40EF","Albert J. Hill","s.n.",NA,"1897-06-05",1897,6,5,"PRESERVED_SPECIMEN","Bowen Island",NA,NA,"British Columbia","Canada","CA",NA,"","","","",NA,NA,NA,"present",NA,NA,NA,NA,"native","S5 (2015)",NA,"Curtis R. Bjork",NA,NA,NA,NA,NA,10295,1897,"Bowen Island Ecological Reserve","Ia","No","Ecological Reserve","Sub-national Government","Government of British Columbia","Ia",49.3666669990679,-123.366667
"Montia parvifolia","(Moc. ex DC.) Greene",78123,"Plantae","Tracheophyta","Magnoliopsida","Caryophyllales","",NA,NA,"Montiaceae","Montia",NA,"Montia parvifolia","parvifolia","species","UBC","UBCVascular","V34892","","1AD114E8-9BF1-8147-9815-BF73AEC6BFEB","Albert J. Hill","s.n.",NA,"1897-06-05",1897,6,5,"PRESERVED_SPECIMEN","Bowen Island",NA,NA,"British Columbia","Canada","CA",NA,"","","","",NA,NA,NA,"present",NA,NA,NA,NA,"native","S5 (2015)",NA,"Curtis R. Bjork",NA,NA,NA,NA,NA,10296,1897,"Bowen Island Ecological Reserve","Ia","No","Ecological Reserve","Sub-national Government","Government of British Columbia","Ia",49.3666669990679,-123.366667
"Montia parvifolia","(Moc. ex DC.) Greene",78123,"Plantae","Tracheophyta","Magnoliopsida","Caryophyllales","",NA,NA,"Montiaceae","Montia",NA,"Montia parvifolia","","species","iNaturalist","Observations","99723861","","https://www.inaturalist.org/observations/99723861","Kate McKeown","",NA,"2021-10-01",2021,10,1,"HUMAN_OBSERVATION","",NA,NA,"British Columbia","Canada","CA",NA,"","","","",NA,NA,NA,"present",NA,NA,NA,NA,"native","S5 (2015)",NA,"Kate McKeown",NA,NA,NA,NA,NA,10301,2021,"Bowen Island Ecological Reserve","Ia","No","Ecological Reserve","Sub-national Government","Government of British Columbia","Ia",49.369526,-123.352844
"Montia parvifolia","(Moc. ex DC.) Greene",78123,"Plantae","Tracheophyta","Magnoliopsida","Caryophyllales","",NA,NA,"Montiaceae","Montia",NA,"Montia parvifolia","","species","iNaturalist","Observations","99723872","","https://www.inaturalist.org/observations/99723872","Kate McKeown","",NA,"2021-10-01",2021,10,1,"HUMAN_OBSERVATION","",NA,NA,"British Columbia","Canada","CA",NA,"","","","",NA,NA,NA,"present",NA,NA,NA,NA,"native","S5 (2015)",NA,"Kate McKeown",NA,NA,NA,NA,NA,10303,2021,"Bowen Island Ecological Reserve","Ia","No","Ecological Reserve","Sub-national Government","Government of British Columbia","Ia",49.369526,-123.352844
"Montia parvifolia","(Moc. ex DC.) Greene",78123,"Plantae","Tracheophyta","Magnoliopsida","Caryophyllales","",NA,NA,"Montiaceae","Montia",NA,"Montia parvifolia","","species","iNaturalist","Observations","99723902","","https://www.inaturalist.org/observations/99723902","Kate McKeown","",NA,"2021-10-01",2021,10,1,"HUMAN_OBSERVATION","",NA,NA,"British Columbia","Canada","CA",NA,"","","","",NA,NA,NA,"present",NA,NA,NA,NA,"native","S5 (2015)",NA,"Kate McKeown",NA,NA,NA,NA,NA,10306,2021,"Bowen Island Ecological Reserve","Ia","No","Ecological Reserve","Sub-national Government","Government of British Columbia","Ia",49.369774,-123.353256
"Montia parvifolia","(Moc. ex DC.) Greene",78123,"Plantae","Tracheophyta","Magnoliopsida","Caryophyllales","",NA,NA,"Montiaceae","Montia",NA,"Montia parvifolia","","species","iNaturalist","Observations","99723949","","https://www.inaturalist.org/observations/99723949","Kate McKeown","",NA,"2021-10-01",2021,10,1,"HUMAN_OBSERVATION","",NA,NA,"British Columbia","Canada","CA",NA,"","","","",NA,NA,NA,"present",NA,NA,NA,NA,"native","S5 (2015)",NA,"Kate McKeown",NA,NA,NA,NA,NA,10310,2021,"Bowen Island Ecological Reserve","Ia","No","Ecological Reserve","Sub-national Government","Government of British Columbia","Ia",49.368896,-123.352684
"Montia parvifolia","(Moc. ex DC.) Greene",78123,"Plantae","Tracheophyta","Magnoliopsida","Caryophyllales","",NA,NA,"Montiaceae","Montia",NA,"Montia parvifolia","","species","iNaturalist","Observations","99723862","","https://www.inaturalist.org/observations/99723862","Kate McKeown","",NA,"2021-10-01",2021,10,1,"HUMAN_OBSERVATION","",NA,NA,"British Columbia","Canada","CA",NA,"","","","",NA,NA,NA,"present",NA,NA,NA,NA,"native","S5 (2015)",NA,"Kate McKeown",NA,NA,NA,NA,NA,10321,2021,"Bowen Island Ecological Reserve","Ia","No","Ecological Reserve","Sub-national Government","Government of British Columbia","Ia",49.369526,-123.352844
"Montia parvifolia","(Moc. ex DC.) Greene",78123,"Plantae","Tracheophyta","Magnoliopsida","Caryophyllales","",NA,NA,"Montiaceae","Montia",NA,"Montia parvifolia","","species","iNaturalist","Observations","99723950","","https://www.inaturalist.org/observations/99723950","Kate McKeown","",NA,"2021-10-01",2021,10,1,"HUMAN_OBSERVATION","",NA,NA,"British Columbia","Canada","CA",NA,"","","","",NA,NA,NA,"present",NA,NA,NA,NA,"native","S5 (2015)",NA,"Kate McKeown",NA,NA,NA,NA,NA,10322,2021,"Bowen Island Ecological Reserve","Ia","No","Ecological Reserve","Sub-national Government","Government of British Columbia","Ia",49.368896,-123.352684
"Polypodium glycyrrhiza","D.C. Eaton",55104,"Plantae","Tracheophyta","Polypodiopsida","Polypodiales","",NA,NA,"Polypodiaceae","Polypodium",NA,"Polypodium glycyrrhiza","","species","iNaturalist","Observations","99728521","","https://www.inaturalist.org/observations/99728521","Kate McKeown","",NA,"2021-10-01",2021,10,1,"HUMAN_OBSERVATION","",NA,NA,"British Columbia","Canada","CA",NA,"","","","",NA,NA,NA,"present",NA,NA,NA,NA,"native","S5 (2000)",NA,"Kate McKeown",NA,NA,NA,NA,NA,12111,2021,"Bowen Island Ecological Reserve","Ia","No","Ecological Reserve","Sub-national Government","Government of British Columbia","Ia",49.370361,-123.350426
"Polypodium glycyrrhiza","D.C. Eaton",55104,"Plantae","Tracheophyta","Polypodiopsida","Polypodiales","",NA,NA,"Polypodiaceae","Polypodium",NA,"Polypodium glycyrrhiza","","species","iNaturalist","Observations","99728445","","https://www.inaturalist.org/observations/99728445","Kate McKeown","",NA,"2021-10-01",2021,10,1,"HUMAN_OBSERVATION","",NA,NA,"British Columbia","Canada","CA",NA,"","","","",NA,NA,NA,"present",NA,NA,NA,NA,"native","S5 (2000)",NA,"Kate McKeown",NA,NA,NA,NA,NA,12164,2021,"Bowen Island Ecological Reserve","Ia","No","Ecological Reserve","Sub-national Government","Government of British Columbia","Ia",49.370361,-123.350426
"Polypodium glycyrrhiza","D.C. Eaton",55104,"Plantae","Tracheophyta","Polypodiopsida","Polypodiales","",NA,NA,"Polypodiaceae","Polypodium",NA,"Polypodium glycyrrhiza","","species","iNaturalist","Observations","99719913","","https://www.inaturalist.org/observations/99719913","Kate McKeown","",NA,"2021-10-01",2021,10,1,"HUMAN_OBSERVATION","",NA,NA,"British Columbia","Canada","CA",NA,"","","","",NA,NA,NA,"present",NA,NA,NA,NA,"native","S5 (2000)",NA,"Kate McKeown",NA,NA,NA,NA,NA,12178,2021,"Bowen Island Ecological Reserve","Ia","No","Ecological Reserve","Sub-national Government","Government of British Columbia","Ia",49.37035,-123.352173
"Polypodium glycyrrhiza","D.C. Eaton",55104,"Plantae","Tracheophyta","Polypodiopsida","Polypodiales","",NA,NA,"Polypodiaceae","Polypodium",NA,"Polypodium glycyrrhiza","","species","iNaturalist","Observations","99719883","","https://www.inaturalist.org/observations/99719883","Kate McKeown","",NA,"2021-10-01",2021,10,1,"HUMAN_OBSERVATION","",NA,NA,"British Columbia","Canada","CA",21,"","","","",NA,NA,NA,"present",NA,NA,NA,NA,"native","S5 (2000)",NA,"Kate McKeown",NA,NA,NA,NA,NA,12201,2021,"Bowen Island Ecological Reserve","Ia","No","Ecological Reserve","Sub-national Government","Government of British Columbia","Ia",49.370149,-123.351039
"Polypodium glycyrrhiza","D.C. Eaton",55104,"Plantae","Tracheophyta","Polypodiopsida","Polypodiales","",NA,NA,"Polypodiaceae","Polypodium",NA,"Polypodium glycyrrhiza","","species","iNaturalist","Observations","99728459","","https://www.inaturalist.org/observations/99728459","Kate McKeown","",NA,"2021-10-01",2021,10,1,"HUMAN_OBSERVATION","",NA,NA,"British Columbia","Canada","CA",NA,"","","","",NA,NA,NA,"present",NA,NA,NA,NA,"native","S5 (2000)",NA,"Kate McKeown",NA,NA,NA,NA,NA,12208,2021,"Bowen Island Ecological Reserve","Ia","No","Ecological Reserve","Sub-national Government","Government of British Columbia","Ia",49.370361,-123.350426
"Polypodium glycyrrhiza","D.C. Eaton",55104,"Plantae","Tracheophyta","Polypodiopsida","Polypodiales","",NA,NA,"Polypodiaceae","Polypodium",NA,"Polypodium glycyrrhiza","","species","iNaturalist","Observations","99728328","","https://www.inaturalist.org/observations/99728328","Kate McKeown","",NA,"2021-10-01",2021,10,1,"HUMAN_OBSERVATION","",NA,NA,"British Columbia","Canada","CA",NA,"","","","",NA,NA,NA,"present",NA,NA,NA,NA,"native","S5 (2000)",NA,"Kate McKeown",NA,NA,NA,NA,NA,12216,2021,"Bowen Island Ecological Reserve","Ia","No","Ecological Reserve","Sub-national Government","Government of British Columbia","Ia",49.369102,-123.351891
"Polypodium glycyrrhiza","D.C. Eaton",55104,"Plantae","Tracheophyta","Polypodiopsida","Polypodiales","",NA,NA,"Polypodiaceae","Polypodium",NA,"Polypodium glycyrrhiza","","species","iNaturalist","Observations","99723928","","https://www.inaturalist.org/observations/99723928","Kate McKeown","",NA,"2021-10-01",2021,10,1,"HUMAN_OBSERVATION","",NA,NA,"British Columbia","Canada","CA",NA,"","","","",NA,NA,NA,"present",NA,NA,NA,NA,"native","S5 (2000)",NA,"Kate McKeown",NA,NA,NA,NA,NA,12227,2021,"Bowen Island Ecological Reserve","Ia","No","Ecological Reserve","Sub-national Government","Government of British Columbia","Ia",49.368896,-123.352684
"Polypodium glycyrrhiza","D.C. Eaton",55104,"Plantae","Tracheophyta","Polypodiopsida","Polypodiales","",NA,NA,"Polypodiaceae","Polypodium",NA,"Polypodium glycyrrhiza","","species","iNaturalist","Observations","99723868","","https://www.inaturalist.org/observations/99723868","Kate McKeown","",NA,"2021-10-01",2021,10,1,"HUMAN_OBSERVATION","",NA,NA,"British Columbia","Canada","CA",NA,"","","","",NA,NA,NA,"present",NA,NA,NA,NA,"native","S5 (2000)",NA,"Kate McKeown",NA,NA,NA,NA,NA,12229,2021,"Bowen Island Ecological Reserve","Ia","No","Ecological Reserve","Sub-national Government","Government of British Columbia","Ia",49.369526,-123.352844
"Polystichum munitum","(Kaulf.) C. Presl",47751,"Plantae","Tracheophyta","Polypodiopsida","Polypodiales","",NA,NA,"Dryopteridaceae","Polystichum",NA,"Polystichum munitum","","species","iNaturalist","Observations","98941048","","https://www.inaturalist.org/observations/98941048","Kate McKeown","",NA,"2021-10-01",2021,10,1,"HUMAN_OBSERVATION","",NA,NA,"British Columbia","Canada","CA",16,"","","","",NA,NA,NA,"present",NA,NA,NA,NA,"native","S5 (2015)",NA,"Kate McKeown",NA,NA,NA,NA,NA,12462,2021,"Bowen Island Ecological Reserve","Ia","No","Ecological Reserve","Sub-national Government","Government of British Columbia","Ia",49.369336,-123.351631
"Polystichum munitum","(Kaulf.) C. Presl",47751,"Plantae","Tracheophyta","Polypodiopsida","Polypodiales","",NA,NA,"Dryopteridaceae","Polystichum",NA,"Polystichum munitum","","species","iNaturalist","Observations","98941014","","https://www.inaturalist.org/observations/98941014","Kate McKeown","",NA,"2021-10-01",2021,10,1,"HUMAN_OBSERVATION","",NA,NA,"British Columbia","Canada","CA",43,"","","","",NA,NA,NA,"present",NA,NA,NA,NA,"native","S5 (2015)",NA,"Kate McKeown",NA,NA,NA,NA,NA,12498,2021,"Bowen Island Ecological Reserve","Ia","No","Ecological Reserve","Sub-national Government","Government of British Columbia","Ia",49.369646,-123.35069
"Polystichum munitum","(Kaulf.) C. Presl",47751,"Plantae","Tracheophyta","Polypodiopsida","Polypodiales","",NA,NA,"Dryopteridaceae","Polystichum",NA,"Polystichum munitum","","species","iNaturalist","Observations","98941050","","https://www.inaturalist.org/observations/98941050","Kate McKeown","",NA,"2021-10-01",2021,10,1,"HUMAN_OBSERVATION","",NA,NA,"British Columbia","Canada","CA",43,"","","","",NA,NA,NA,"present",NA,NA,NA,NA,"native","S5 (2015)",NA,"Kate McKeown",NA,NA,NA,NA,NA,12569,2021,"Bowen Island Ecological Reserve","Ia","No","Ecological Reserve","Sub-national Government","Government of British Columbia","Ia",49.369756,-123.350447
"Polystichum munitum","(Kaulf.) C. Presl",47751,"Plantae","Tracheophyta","Polypodiopsida","Polypodiales","",NA,NA,"Dryopteridaceae","Polystichum",NA,"Polystichum munitum","","species","iNaturalist","Observations","99728409","","https://www.inaturalist.org/observations/99728409","Kate McKeown","",NA,"2021-10-01",2021,10,1,"HUMAN_OBSERVATION","",NA,NA,"British Columbia","Canada","CA",NA,"","","","",NA,NA,NA,"present",NA,NA,NA,NA,"native","S5 (2015)",NA,"Kate McKeown",NA,NA,NA,NA,NA,12593,2021,"Bowen Island Ecological Reserve","Ia","No","Ecological Reserve","Sub-national Government","Government of British Columbia","Ia",49.369308,-123.351067
"Polystichum munitum","(Kaulf.) C. Presl",47751,"Plantae","Tracheophyta","Polypodiopsida","Polypodiales","",NA,NA,"Dryopteridaceae","Polystichum",NA,"Polystichum munitum","","species","iNaturalist","Observations","98941006","","https://www.inaturalist.org/observations/98941006","Kate McKeown","",NA,"2021-10-01",2021,10,1,"HUMAN_OBSERVATION","",NA,NA,"British Columbia","Canada","CA",16,"","","","",NA,NA,NA,"present",NA,NA,NA,NA,"native","S5 (2015)",NA,"Kate McKeown",NA,NA,NA,NA,NA,12644,2021,"Bowen Island Ecological Reserve","Ia","No","Ecological Reserve","Sub-national Government","Government of British Columbia","Ia",49.370322,-123.35125
"Polystichum munitum","(Kaulf.) C. Presl",47751,"Plantae","Tracheophyta","Polypodiopsida","Polypodiales","",NA,NA,"Dryopteridaceae","Polystichum",NA,"Polystichum munitum","","species","iNaturalist","Observations","98941002","","https://www.inaturalist.org/observations/98941002","Kate McKeown","",NA,"2021-10-01",2021,10,1,"HUMAN_OBSERVATION","",NA,NA,"British Columbia","Canada","CA",21,"","","","",NA,NA,NA,"present",NA,NA,NA,NA,"native","S5 (2015)",NA,"Kate McKeown",NA,NA,NA,NA,NA,12666,2021,"Bowen Island Ecological Reserve","Ia","No","Ecological Reserve","Sub-national Government","Government of British Columbia","Ia",49.369688,-123.350582
"Polystichum munitum","(Kaulf.) C. Presl",47751,"Plantae","Tracheophyta","Polypodiopsida","Polypodiales","",NA,NA,"Dryopteridaceae","Polystichum",NA,"Polystichum munitum","","species","iNaturalist","Observations","98941025","","https://www.inaturalist.org/observations/98941025","Kate McKeown","",NA,"2021-10-01",2021,10,1,"HUMAN_OBSERVATION","",NA,NA,"British Columbia","Canada","CA",8,"","","","",NA,NA,NA,"present",NA,NA,NA,NA,"native","S5 (2015)",NA,"Kate McKeown",NA,NA,NA,NA,NA,12692,2021,"Bowen Island Ecological Reserve","Ia","No","Ecological Reserve","Sub-national Government","Government of British Columbia","Ia",49.369269,-123.353242
"Pseudotsuga menziesii var. menziesii","(Mirb.) Franco",48256,"Plantae","Tracheophyta","Pinopsida","Pinales","",NA,NA,"Pinaceae","Pseudotsuga",NA,"Pseudotsuga menziesii","menziesii","varietas","iNaturalist","Observations","99723930","","https://www.inaturalist.org/observations/99723930","Kate McKeown","",NA,"2021-10-01",2021,10,1,"HUMAN_OBSERVATION","",NA,NA,"British Columbia","Canada","CA",NA,"","","","",NA,NA,NA,"present",NA,NA,NA,NA,"native","S5 (2000)",NA,"Kate McKeown",NA,NA,NA,NA,NA,13048,2021,"Bowen Island Ecological Reserve","Ia","No","Ecological Reserve","Sub-national Government","Government of British Columbia","Ia",49.368896,-123.352684
"Pseudotsuga menziesii var. menziesii","(Mirb.) Franco",48256,"Plantae","Tracheophyta","Pinopsida","Pinales","",NA,NA,"Pinaceae","Pseudotsuga",NA,"Pseudotsuga menziesii","menziesii","varietas","iNaturalist","Observations","98941041","","https://www.inaturalist.org/observations/98941041","Kate McKeown","",NA,"2021-10-01",2021,10,1,"HUMAN_OBSERVATION","",NA,NA,"British Columbia","Canada","CA",16,"","","","",NA,NA,NA,"present",NA,NA,NA,NA,"native","S5 (2000)",NA,"Kate McKeown",NA,NA,NA,NA,NA,13085,2021,"Bowen Island Ecological Reserve","Ia","No","Ecological Reserve","Sub-national Government","Government of British Columbia","Ia",49.369044,-123.352058
"Pseudotsuga menziesii var. menziesii","(Mirb.) Franco",48256,"Plantae","Tracheophyta","Pinopsida","Pinales","",NA,NA,"Pinaceae","Pseudotsuga",NA,"Pseudotsuga menziesii","menziesii","varietas","iNaturalist","Observations","98941008","","https://www.inaturalist.org/observations/98941008","Kate McKeown","",NA,"2021-10-01",2021,10,1,"HUMAN_OBSERVATION","",NA,NA,"British Columbia","Canada","CA",43,"","","","",NA,NA,NA,"present",NA,NA,NA,NA,"native","S5 (2000)",NA,"Kate McKeown",NA,NA,NA,NA,NA,13097,2021,"Bowen Island Ecological Reserve","Ia","No","Ecological Reserve","Sub-national Government","Government of British Columbia","Ia",49.369527,-123.35086
"Pseudotsuga menziesii var. menziesii","(Mirb.) Franco",48256,"Plantae","Tracheophyta","Pinopsida","Pinales","",NA,NA,"Pinaceae","Pseudotsuga",NA,"Pseudotsuga menziesii","menziesii","varietas","iNaturalist","Observations","98941004","","https://www.inaturalist.org/observations/98941004","Kate McKeown","",NA,"2021-10-01",2021,10,1,"HUMAN_OBSERVATION","",NA,NA,"British Columbia","Canada","CA",43,"","","","",NA,NA,NA,"present",NA,NA,NA,NA,"native","S5 (2000)",NA,"Kate McKeown",NA,NA,NA,NA,NA,13100,2021,"Bowen Island Ecological Reserve","Ia","No","Ecological Reserve","Sub-national Government","Government of British Columbia","Ia",49.369586,-123.35071
"Pteridium aquilinum var. pubescens","(L.) Kuhn",52684,"Plantae","Tracheophyta","Polypodiopsida","Polypodiales","",NA,NA,"Dennstaedtiaceae","Pteridium",NA,"Pteridium aquilinum","pubescens","varietas","iNaturalist","Observations","98941062","","https://www.inaturalist.org/observations/98941062","Kate McKeown","",NA,"2021-10-01",2021,10,1,"HUMAN_OBSERVATION","",NA,NA,"British Columbia","Canada","CA",43,"","","","",NA,NA,NA,"present",NA,NA,NA,NA,"native","S5 (2000)",NA,"Kate McKeown",NA,NA,NA,NA,NA,13192,2021,"Bowen Island Ecological Reserve","Ia","No","Ecological Reserve","Sub-national Government","Government of British Columbia","Ia",49.370017,-123.351044
"Pteridium aquilinum var. pubescens","(L.) Kuhn",52684,"Plantae","Tracheophyta","Polypodiopsida","Polypodiales","",NA,NA,"Dennstaedtiaceae","Pteridium",NA,"Pteridium aquilinum","pubescens","varietas","iNaturalist","Observations","98941032","","https://www.inaturalist.org/observations/98941032","Kate McKeown","",NA,"2021-10-01",2021,10,1,"HUMAN_OBSERVATION","",NA,NA,"British Columbia","Canada","CA",16,"","","","",NA,NA,NA,"present",NA,NA,NA,NA,"native","S5 (2000)",NA,"Kate McKeown",NA,NA,NA,NA,NA,13194,2021,"Bowen Island Ecological Reserve","Ia","No","Ecological Reserve","Sub-national Government","Government of British Columbia","Ia",49.369219,-123.352906
"Pteridium aquilinum var. pubescens","(L.) Kuhn",52684,"Plantae","Tracheophyta","Polypodiopsida","Polypodiales","",NA,NA,"Dennstaedtiaceae","Pteridium",NA,"Pteridium aquilinum","pubescens","varietas","iNaturalist","Observations","98941040","","https://www.inaturalist.org/observations/98941040","Kate McKeown","",NA,"2021-10-01",2021,10,1,"HUMAN_OBSERVATION","",NA,NA,"British Columbia","Canada","CA",12,"","","","",NA,NA,NA,"present",NA,NA,NA,NA,"native","S5 (2000)",NA,"Kate McKeown",NA,NA,NA,NA,NA,13245,2021,"Bowen Island Ecological Reserve","Ia","No","Ecological Reserve","Sub-national Government","Government of British Columbia","Ia",49.369269,-123.352219
"Pteridium aquilinum var. pubescens","(L.) Kuhn",52684,"Plantae","Tracheophyta","Polypodiopsida","Polypodiales","",NA,NA,"Dennstaedtiaceae","Pteridium",NA,"Pteridium aquilinum","pubescens","varietas","iNaturalist","Observations","98941003","","https://www.inaturalist.org/observations/98941003","Kate McKeown","",NA,"2021-10-01",2021,10,1,"HUMAN_OBSERVATION","",NA,NA,"British Columbia","Canada","CA",43,"","","","",NA,NA,NA,"present",NA,NA,NA,NA,"native","S5 (2000)",NA,"Kate McKeown",NA,NA,NA,NA,NA,13294,2021,"Bowen Island Ecological Reserve","Ia","No","Ecological Reserve","Sub-national Government","Government of British Columbia","Ia",49.369652,-123.350762
"Rosa gymnocarpa var. gymnocarpa","Nutt.",53441,"Plantae","Tracheophyta","Magnoliopsida","Rosales","",NA,NA,"Rosaceae","Rosa",NA,"Rosa gymnocarpa","gymnocarpa","varietas","UBC","UBCVascular","V32642","","62BEA9EB-81CA-4345-A5DD-FED892D71DCF","John W. Eastham","s.n.",NA,"1940-08-06",1940,8,6,"PRESERVED_SPECIMEN","Bowen Island, Deep Cove",NA,NA,"British Columbia","Canada","CA",NA,"","","","",NA,NA,NA,"present",NA,NA,NA,NA,"native","S5 (2019)",NA,"John W. Eastham",NA,NA,NA,NA,NA,13885,1940,"Bowen Island Ecological Reserve","Ia","No","Ecological Reserve","Sub-national Government","Government of British Columbia","Ia",49.3666669990679,-123.366667
"Rubus parviflorus","Nutt.",51646,"Plantae","Tracheophyta","Magnoliopsida","Rosales","",NA,NA,"Rosaceae","Rubus",NA,"Rubus parviflorus","","species","iNaturalist","Observations","99723968","","https://www.inaturalist.org/observations/99723968","Kate McKeown","",NA,"2021-10-01",2021,10,1,"HUMAN_OBSERVATION","",NA,NA,"British Columbia","Canada","CA",NA,"","","","",NA,NA,NA,"present",NA,NA,NA,NA,"native","S5 (2015)",NA,"Kate McKeown",NA,NA,NA,NA,NA,14172,2021,"Bowen Island Ecological Reserve","Ia","No","Ecological Reserve","Sub-national Government","Government of British Columbia","Ia",49.368896,-123.352684
"Rubus spectabilis","Pursh",47543,"Plantae","Tracheophyta","Magnoliopsida","Rosales","",NA,NA,"Rosaceae","Rubus",NA,"Rubus spectabilis","","species","iNaturalist","Observations","98941065","","https://www.inaturalist.org/observations/98941065","Kate McKeown","",NA,"2021-10-01",2021,10,1,"HUMAN_OBSERVATION","",NA,NA,"British Columbia","Canada","CA",21,"","","","",NA,NA,NA,"present",NA,NA,NA,NA,"native","S5 (2015)",NA,"Kate McKeown",NA,NA,NA,NA,NA,14494,2021,"Bowen Island Ecological Reserve","Ia","No","Ecological Reserve","Sub-national Government","Government of British Columbia","Ia",49.369864,-123.351063
"Selaginella wallacei","Hieron",63875,"Plantae","Tracheophyta","Lycopodiopsida","Selaginellales","",NA,NA,"Selaginellaceae","Selaginella",NA,"Selaginella wallacei","","species","iNaturalist","Observations","99723873","","https://www.inaturalist.org/observations/99723873","Kate McKeown","",NA,"2021-10-01",2021,10,1,"HUMAN_OBSERVATION","",NA,NA,"British Columbia","Canada","CA",NA,"","","","",NA,NA,NA,"present",NA,NA,NA,NA,"native","S5? (2015)",NA,"Kate McKeown",NA,NA,NA,NA,NA,15293,2021,"Bowen Island Ecological Reserve","Ia","No","Ecological Reserve","Sub-national Government","Government of British Columbia","Ia",49.369526,-123.352844
"Thuja plicata","Donn ex D. Don",48252,"Plantae","Tracheophyta","Pinopsida","Pinales","",NA,NA,"Cupressaceae","Thuja",NA,"Thuja plicata","","species","iNaturalist","Observations","98941049","","https://www.inaturalist.org/observations/98941049","Kate McKeown","",NA,"2021-10-01",2021,10,1,"HUMAN_OBSERVATION","",NA,NA,"British Columbia","Canada","CA",64,"","","","",NA,NA,NA,"present",NA,NA,NA,NA,"native","S5 (2015)",NA,"Kate McKeown",NA,NA,NA,NA,NA,16572,2021,"Bowen Island Ecological Reserve","Ia","No","Ecological Reserve","Sub-national Government","Government of British Columbia","Ia",49.369644,-123.351106
"Thuja plicata","Donn ex D. Don",48252,"Plantae","Tracheophyta","Pinopsida","Pinales","",NA,NA,"Cupressaceae","Thuja",NA,"Thuja plicata","","species","iNaturalist","Observations","99724008","","https://www.inaturalist.org/observations/99724008","Kate McKeown","",NA,"2021-10-01",2021,10,1,"HUMAN_OBSERVATION","",NA,NA,"British Columbia","Canada","CA",NA,"","","","",NA,NA,NA,"present",NA,NA,NA,NA,"native","S5 (2015)",NA,"Kate McKeown",NA,NA,NA,NA,NA,16604,2021,"Bowen Island Ecological Reserve","Ia","No","Ecological Reserve","Sub-national Government","Government of British Columbia","Ia",49.368797,-123.351784
"Tiarella trifoliata var. laciniata","L.",51650,"Plantae","Tracheophyta","Magnoliopsida","Saxifragales","",NA,NA,"Saxifragaceae","Tiarella",NA,"Tiarella trifoliata","laciniata","varietas","iNaturalist","Observations","98941067","","https://www.inaturalist.org/observations/98941067","Kate McKeown","",NA,"2021-10-01",2021,10,1,"HUMAN_OBSERVATION","",NA,NA,"British Columbia","Canada","CA",21,"","","","",NA,NA,NA,"present",NA,NA,NA,NA,"native","S5 (2000)",NA,"Kate McKeown",NA,NA,NA,NA,NA,16692,2021,"Bowen Island Ecological Reserve","Ia","No","Ecological Reserve","Sub-national Government","Government of British Columbia","Ia",49.369971,-123.351376
"Tiarella trifoliata var. laciniata","L.",51650,"Plantae","Tracheophyta","Magnoliopsida","Saxifragales","",NA,NA,"Saxifragaceae","Tiarella",NA,"Tiarella trifoliata","laciniata","varietas","iNaturalist","Observations","98941068","","https://www.inaturalist.org/observations/98941068","Kate McKeown","",NA,"2021-10-01",2021,10,1,"HUMAN_OBSERVATION","",NA,NA,"British Columbia","Canada","CA",21,"","","","",NA,NA,NA,"present",NA,NA,NA,NA,"native","S5 (2000)",NA,"Kate McKeown",NA,NA,NA,NA,NA,16696,2021,"Bowen Island Ecological Reserve","Ia","No","Ecological Reserve","Sub-national Government","Government of British Columbia","Ia",49.36995,-123.351061
"Tsuga heterophylla","(Raf.) Sarg.",48254,"Plantae","Tracheophyta","Pinopsida","Pinales","",NA,NA,"Pinaceae","Tsuga",NA,"Tsuga heterophylla","","species","iNaturalist","Observations","98941012","","https://www.inaturalist.org/observations/98941012","Kate McKeown","",NA,"2021-10-01",2021,10,1,"HUMAN_OBSERVATION","",NA,NA,"British Columbia","Canada","CA",43,"","","","",NA,NA,NA,"present",NA,NA,NA,NA,"native","S5 (2015)",NA,"Kate McKeown",NA,NA,NA,NA,NA,16987,2021,"Bowen Island Ecological Reserve","Ia","No","Ecological Reserve","Sub-national Government","Government of British Columbia","Ia",49.369616,-123.350858
"Tsuga heterophylla","(Raf.) Sarg.",48254,"Plantae","Tracheophyta","Pinopsida","Pinales","",NA,NA,"Pinaceae","Tsuga",NA,"Tsuga heterophylla","","species","iNaturalist","Observations","98941052","","https://www.inaturalist.org/observations/98941052","Kate McKeown","",NA,"2021-10-01",2021,10,1,"HUMAN_OBSERVATION","",NA,NA,"British Columbia","Canada","CA",16,"","","","",NA,NA,NA,"present",NA,NA,NA,NA,"native","S5 (2015)",NA,"Kate McKeown",NA,NA,NA,NA,NA,16991,2021,"Bowen Island Ecological Reserve","Ia","No","Ecological Reserve","Sub-national Government","Government of British Columbia","Ia",49.369789,-123.350883
"Tsuga heterophylla","(Raf.) Sarg.",48254,"Plantae","Tracheophyta","Pinopsida","Pinales","",NA,NA,"Pinaceae","Tsuga",NA,"Tsuga heterophylla","","species","iNaturalist","Observations","98941019","","https://www.inaturalist.org/observations/98941019","Kate McKeown","",NA,"2021-10-01",2021,10,1,"HUMAN_OBSERVATION","",NA,NA,"British Columbia","Canada","CA",43,"","","","",NA,NA,NA,"present",NA,NA,NA,NA,"native","S5 (2015)",NA,"Kate McKeown",NA,NA,NA,NA,NA,16995,2021,"Bowen Island Ecological Reserve","Ia","No","Ecological Reserve","Sub-national Government","Government of British Columbia","Ia",49.369698,-123.350935
"Tsuga heterophylla","(Raf.) Sarg.",48254,"Plantae","Tracheophyta","Pinopsida","Pinales","",NA,NA,"Pinaceae","Tsuga",NA,"Tsuga heterophylla","","species","iNaturalist","Observations","99728420","","https://www.inaturalist.org/observations/99728420","Kate McKeown","",NA,"2021-10-01",2021,10,1,"HUMAN_OBSERVATION","",NA,NA,"British Columbia","Canada","CA",NA,"","","","",NA,NA,NA,"present",NA,NA,NA,NA,"native","S5 (2015)",NA,"Kate McKeown",NA,NA,NA,NA,NA,17005,2021,"Bowen Island Ecological Reserve","Ia","No","Ecological Reserve","Sub-national Government","Government of British Columbia","Ia",49.369308,-123.351067
"Tsuga heterophylla","(Raf.) Sarg.",48254,"Plantae","Tracheophyta","Pinopsida","Pinales","",NA,NA,"Pinaceae","Tsuga",NA,"Tsuga heterophylla","","species","iNaturalist","Observations","98941038","","https://www.inaturalist.org/observations/98941038","Kate McKeown","",NA,"2021-10-01",2021,10,1,"HUMAN_OBSERVATION","",NA,NA,"British Columbia","Canada","CA",12,"","","","",NA,NA,NA,"present",NA,NA,NA,NA,"native","S5 (2015)",NA,"Kate McKeown",NA,NA,NA,NA,NA,17013,2021,"Bowen Island Ecological Reserve","Ia","No","Ecological Reserve","Sub-national Government","Government of British Columbia","Ia",49.369331,-123.352761
"Tsuga heterophylla","(Raf.) Sarg.",48254,"Plantae","Tracheophyta","Pinopsida","Pinales","",NA,NA,"Pinaceae","Tsuga",NA,"Tsuga heterophylla","","species","iNaturalist","Observations","99728323","","https://www.inaturalist.org/observations/99728323","Kate McKeown","",NA,"2021-10-01",2021,10,1,"HUMAN_OBSERVATION","",NA,NA,"British Columbia","Canada","CA",NA,"","","","",NA,NA,NA,"present",NA,NA,NA,NA,"native","S5 (2015)",NA,"Kate McKeown",NA,NA,NA,NA,NA,17036,2021,"Bowen Island Ecological Reserve","Ia","No","Ecological Reserve","Sub-national Government","Government of British Columbia","Ia",49.369102,-123.351891
"Tsuga heterophylla","(Raf.) Sarg.",48254,"Plantae","Tracheophyta","Pinopsida","Pinales","",NA,NA,"Pinaceae","Tsuga",NA,"Tsuga heterophylla","","species","iNaturalist","Observations","98941030","","https://www.inaturalist.org/observations/98941030","Kate McKeown","",NA,"2021-10-01",2021,10,1,"HUMAN_OBSERVATION","",NA,NA,"British Columbia","Canada","CA",64,"","","","",NA,NA,NA,"present",NA,NA,NA,NA,"native","S5 (2015)",NA,"Kate McKeown",NA,NA,NA,NA,NA,17076,2021,"Bowen Island Ecological Reserve","Ia","No","Ecological Reserve","Sub-national Government","Government of British Columbia","Ia",49.369072,-123.353203
"Vaccinium parvifolium","Sm.",48354,"Plantae","Tracheophyta","Magnoliopsida","Ericales","",NA,NA,"Ericaceae","Vaccinium",NA,"Vaccinium parvifolium","","species","iNaturalist","Observations","98941036","","https://www.inaturalist.org/observations/98941036","Kate McKeown","",NA,"2021-10-01",2021,10,1,"HUMAN_OBSERVATION","",NA,NA,"British Columbia","Canada","CA",12,"","","","",NA,NA,NA,"present",NA,NA,NA,NA,"native","S5 (2015)",NA,"Kate McKeown",NA,NA,NA,NA,NA,17530,2021,"Bowen Island Ecological Reserve","Ia","No","Ecological Reserve","Sub-national Government","Government of British Columbia","Ia",49.369397,-123.352706
"Vaccinium parvifolium","Sm.",48354,"Plantae","Tracheophyta","Magnoliopsida","Ericales","",NA,NA,"Ericaceae","Vaccinium",NA,"Vaccinium parvifolium","","species","iNaturalist","Observations","99728390","","https://www.inaturalist.org/observations/99728390","Kate McKeown","",NA,"2021-10-01",2021,10,1,"HUMAN_OBSERVATION","",NA,NA,"British Columbia","Canada","CA",NA,"","","","",NA,NA,NA,"present",NA,NA,NA,NA,"native","S5 (2015)",NA,"Kate McKeown",NA,NA,NA,NA,NA,17587,2021,"Bowen Island Ecological Reserve","Ia","No","Ecological Reserve","Sub-national Government","Government of British Columbia","Ia",49.369308,-123.351067
"Vaccinium parvifolium","Sm.",48354,"Plantae","Tracheophyta","Magnoliopsida","Ericales","",NA,NA,"Ericaceae","Vaccinium",NA,"Vaccinium parvifolium","","species","iNaturalist","Observations","99719896","","https://www.inaturalist.org/observations/99719896","Kate McKeown","",NA,"2021-10-01",2021,10,1,"HUMAN_OBSERVATION","",NA,NA,"British Columbia","Canada","CA",NA,"","","","",NA,NA,NA,"present",NA,NA,NA,NA,"native","S5 (2015)",NA,"Kate McKeown",NA,NA,NA,NA,NA,17611,2021,"Bowen Island Ecological Reserve","Ia","No","Ecological Reserve","Sub-national Government","Government of British Columbia","Ia",49.370392,-123.351486
"Vaccinium parvifolium","Sm.",48354,"Plantae","Tracheophyta","Magnoliopsida","Ericales","",NA,NA,"Ericaceae","Vaccinium",NA,"Vaccinium parvifolium","","species","iNaturalist","Observations","99728418","","https://www.inaturalist.org/observations/99728418","Kate McKeown","",NA,"2021-10-01",2021,10,1,"HUMAN_OBSERVATION","",NA,NA,"British Columbia","Canada","CA",NA,"","","","",NA,NA,NA,"present",NA,NA,NA,NA,"native","S5 (2015)",NA,"Kate McKeown",NA,NA,NA,NA,NA,17612,2021,"Bowen Island Ecological Reserve","Ia","No","Ecological Reserve","Sub-national Government","Government of British Columbia","Ia",49.369308,-123.351067
"Vaccinium parvifolium","Sm.",48354,"Plantae","Tracheophyta","Magnoliopsida","Ericales","",NA,NA,"Ericaceae","Vaccinium",NA,"Vaccinium parvifolium","","species","iNaturalist","Observations","98941017","","https://www.inaturalist.org/observations/98941017","Kate McKeown","",NA,"2021-10-01",2021,10,1,"HUMAN_OBSERVATION","",NA,NA,"British Columbia","Canada","CA",24,"","","","",NA,NA,NA,"present",NA,NA,NA,NA,"native","S5 (2015)",NA,"Kate McKeown",NA,NA,NA,NA,NA,17725,2021,"Bowen Island Ecological Reserve","Ia","No","Ecological Reserve","Sub-national Government","Government of British Columbia","Ia",49.370075,-123.351783
"Viola adunca var. adunca","Sm.",53328,"Plantae","Tracheophyta","Magnoliopsida","Malpighiales","",NA,NA,"Violaceae","Viola",NA,"Viola adunca","adunca","varietas","UBC","UBCVascular","V150137","","11CF2AE4-1896-0847-B4C4-F66E1514362D","Muriel M. Nair","s.n.",NA,"1900-04-16",1900,4,16,"PRESERVED_SPECIMEN","Bowen Island",NA,NA,"British Columbia","Canada","CA",NA,"","","","",NA,NA,NA,"present",NA,NA,NA,NA,"native","S5 (2015)",NA,"Muriel M. Nair",NA,NA,NA,NA,NA,18119,1900,"Bowen Island Ecological Reserve","Ia","No","Ecological Reserve","Sub-national Government","Government of British Columbia","Ia",49.3666669990679,-123.366667
